activity_id,title,activity_date,source_url,linkedin_page,search_terms,result
1,International Conference on AI in Construction and Sustainable Built Environment,2026-12-17,https://www.tce.edu/events,https://www.linkedin.com/company/tcemadurai,International Conference on AI in Construction and Sustainable Built Environment | International Conference on AI in Construction and Sustainable Built Environment Electrical and Electronics Engineering | International Conference on AI in Construction and Sustainable Built Environment 2026,
2,TEDx Thiagarajar College of Engineering,2026-08-28,https://www.tce.edu/events,https://www.linkedin.com/company/tcemadurai,TEDx Thiagarajar College of Engineering | TEDx Thiagarajar College of Engineering Civil Engineering | TEDx Thiagarajar College of Engineering 2026 | TEDx Thiagarajar College of Engineering Thiagarajar College of Engineering,
3,Five-Day Online FDP on “AI-Powered Pedagogy”,2026-08-24,https://www.tce.edu/events,https://www.linkedin.com/company/tcemadurai,Five Day Online FDP on AI Powered Pedagogy | Five Day Online FDP on AI Powered Pedagogy 2026,
4,Founder's Day 2026,2026-07-29,https://www.tce.edu/events,https://www.linkedin.com/company/tcemadurai,Founder s Day 2026 | Founder s Day 2026 2026 | Founder s Day 2026 Founder s Day 2026,
5,"GSDP Certificate Course on ""Waste Optimization Professional""",2026-07-25,https://www.tce.edu/events,https://www.linkedin.com/company/tcemadurai,GSDP Certificate Course on Waste Optimization Professional | GSDP Certificate Course on Waste Optimization Professional 2026,
6,25th Silver Jubilee Reunion of the 1997 - 2001 Batch,2026-07-24,https://www.tce.edu/events,https://www.linkedin.com/company/tcemadurai,25th Silver Jubilee Reunion of the 1997 2001 Batch | 25th Silver Jubilee Reunion of the 1997 2001 Batch 2026 | 25th Silver Jubilee Reunion of the 1997 2001 Batch Jubilee Reunion,
7,International Conference On Contemporary Mathematics And Innovations ( ICCMI - 2026),2026-07-09,https://www.tce.edu/events,https://www.linkedin.com/company/tcemadurai,International Conference On Contemporary Mathematics And Innovations ICCMI 2026 | International Conference On Contemporary Mathematics And Innovations ICCMI 2026 Applied Mathematics and Computational Sciences | International Conference On Contemporary Mathematics And Innovations ICCMI 2026 2026,
8,Integrating AI into Classroom Pedagogy: Tools and Practices,2026-05-25,https://www.tce.edu/events,https://www.linkedin.com/company/tcemadurai,Integrating AI into Classroom Pedagogy Tools and Practices | Integrating AI into Classroom Pedagogy Tools and Practices Electrical and Electronics Engineering | Integrating AI into Classroom Pedagogy Tools and Practices 2026 | Integrating AI into Classroom Pedagogy Tools and Practices Classroom Pedagogy Tools,
9,CODE AI 3.0 – Step into the Future with AI!,2026-05-18,https://www.tce.edu/events,https://www.linkedin.com/company/tcemadurai,CODE AI 3 0 Step into the Future with AI | CODE AI 3 0 Step into the Future with AI Information Technology | CODE AI 3 0 Step into the Future with AI 2026,
10,Shakti Math 2026 A Six-Day Online Course for Young Students (5th to 8th grade School Students),2026-05-11,https://www.tce.edu/events,https://www.linkedin.com/company/tcemadurai,Shakti Math 2026 A Six Day Online Course for Young Students 5th to 8th grade School Students | Shakti Math 2026 A Six Day Online Course for Young Students 5th to 8th grade School Students 2026 | Shakti Math 2026 A Six Day Online Course for Young Students 5th to 8th grade School Students Shakti Math 2026,
